Source IP,Time,Output Wallets,Amount,TxID
152.104.34.4,"Dec 20, 2023 08:51:14.152271000 IST",bc1q4vy7jfe48nz46w8cvcpm2mcu78ayhke26peda9,0.00912100,f1b4bcda3a8608fd3e0db13c815016943b2ca83f4f80c2c6dc7754d9648ae4ba
152.104.34.4,"Dec 20, 2023 08:51:14.152271000 IST",1MK5nCa76dMFmV2AL7WQbZNWwS6y8J21Kn,0.00340281,f1b4bcda3a8608fd3e0db13c815016943b2ca83f4f80c2c6dc7754d9648ae4ba
152.104.34.4,"Dec 20, 2023 08:51:32.964388000 IST",1K2E5VY7ifp9hZ6kQ8DMmRxQ32YHP15Zvx,2.31589328,c613944667634a7e0b38ee0a491a5c6406843ddac3cda3ffed094478cd4397b8
152.104.34.4,"Dec 20, 2023 08:51:32.964388000 IST",13ayijRKFgdPEdjCs2oXLzx8Ueq9ZALboE,1.68350050,c613944667634a7e0b38ee0a491a5c6406843ddac3cda3ffed094478cd4397b8
152.104.34.4,"Dec 20, 2023 08:52:00.095950000 IST",bc1qu2wyqfaqkyhkd53dc8c40wde6ed0jznafmymcs,0.23254352,832165d8912aa1771358389629867af717e23d46d5766b7bf8e4890ccb05a851
152.104.34.4,"Dec 20, 2023 08:52:00.095950000 IST",1KvkXmACURSaf65RmJzkoMooFJi216cLYy,0.00292660,832165d8912aa1771358389629867af717e23d46d5766b7bf8e4890ccb05a851
