Source IP,Time,Input Wallets,TxID
152.104.34.4,"Dec 20, 2023 08:51:14.152271000 IST",1MK5nCa76dMFmV2AL7WQbZNWwS6y8J21Kn,f1b4bcda3a8608fd3e0db13c815016943b2ca83f4f80c2c6dc7754d9648ae4ba
152.104.34.4,"Dec 20, 2023 08:51:14.152271000 IST",1MK5nCa76dMFmV2AL7WQbZNWwS6y8J21Kn,f1b4bcda3a8608fd3e0db13c815016943b2ca83f4f80c2c6dc7754d9648ae4ba
5.42.87.172,"Dec 20, 2023 08:51:15.269878000 IST",1GvbkRJMJmx8u7rXpykjuHXLUr4LASWFHF,1497e86bceddad3ec8a29696aba10212eb5c200d6f0d5a65280164d262dc91ab
152.104.34.4,"Dec 20, 2023 08:51:32.964388000 IST",13ayijRKFgdPEdjCs2oXLzx8Ueq9ZALboE,c613944667634a7e0b38ee0a491a5c6406843ddac3cda3ffed094478cd4397b8
152.104.34.4,"Dec 20, 2023 08:51:37.783542000 IST",1E893rcLuHvGbfG2orbLTis5Zx4sKbjJF5,9033b1d62354a140cd82e3a5ff370bbb2a141f9e3924af5a64c92c61d0c89ff9
152.104.34.4,"Dec 20, 2023 08:52:00.095950000 IST",18VvYgGbdJMKFHr2EjNtKqy5gRUzwAiY5Q,832165d8912aa1771358389629867af717e23d46d5766b7bf8e4890ccb05a851
152.104.34.4,"Dec 20, 2023 08:52:00.095950000 IST",19zPHa5iJpEo7kuAQ5edNicxygVLciXmwv,832165d8912aa1771358389629867af717e23d46d5766b7bf8e4890ccb05a851
